img,link
EstouAqui.jpg,https://youtu.be/_NzqP0jmk3o
AutoDaC2.jpg,https://youtu.be/ke4x5ywVhiw
sonic3.jpg,https://youtu.be/xjbxG5VEo4M
MINECRAFTimagem.webp,https://youtu.be/EVKYAAES6JQ
flow.jpg,https://youtu.be/82WW9dVbglI
furisosOne.webp,https://youtu.be/g5_iHh2owEc
furiososSeven.webp,https://youtu.be/hujU0dw6Erk
UmSonhoDeLiberdade.webp,https://youtu.be/Y22NgkErOAk
AutoDaC1.jpg,https://youtu.be/XPuMu_ENzlg
Jurassic1.jpg,https://youtu.be/RFinNxS5KN4
Jurassic2.jpg,https://youtu.be/u2WuN96DSkY
Jurassic3.jpg,https://youtu.be/zC8Vc8rMOdk
furiososFive.jpg,https://youtu.be/e4tEwEZYELc
DoPijamaListrado.jpg,https://youtu.be/aqwTw9qX1k4
farofeiros1.jpg,https://youtu.be/MM-VGhfzNYQ
farofeiros2.jng,https://youtu.be/LZNW4vrK-7c
MMEUmaPeça1.jpg,https://youtu.be/mCbnq53iK3U
MMEUmaPeça2.jpg,https://youtu.be/9hyLbCV0Dxo
MMEUmaPeça3.jpg,https://youtu.be/8z9UHTvAwJY
jumanji1.jpg,https://youtu.be/tnpV3q8Q3gg
Jumanji2.jpg,https://youtu.be/PEuMN4_lnPs
